obs_id,source_id,observation_year,period,location,region,population_group,ethnicity_admin,ethnicity_inferred,gender,age_group,status,sector,beneficiary,theme,variable,value_numeric,value_text,unit,lower_bound,upper_bound,estimate_type,inferred,page_or_section,source_quote,coding_note
OBS0001,S01,1855,mid-1850s,Siam,Kingdom-wide / crown domain,royal war captives (fighting men),Malay,Malay,male,adult,war captive / royal slave,military / state labor,monarchy,demography,count_fighting_men,5000.0,,persons,,,reported,0,"vol. 1, pp. 190-191",These nearly all belong to the Kings.,Bowring notes the figures include fighting men only.
OBS0002,S01,1855,mid-1850s,Siam,Kingdom-wide / crown domain,royal war captives (fighting men),Cochin Chinese,Cochin Chinese,male,adult,war captive / royal slave,military / state labor,monarchy,demography,count_fighting_men,10000.0,,persons,,,reported,0,"vol. 1, pp. 190-191",These nearly all belong to the Kings.,Bowring notes the figures include fighting men only.
OBS0003,S01,1855,mid-1850s,Siam,Kingdom-wide / crown domain,royal war captives (fighting men),Peguan,Peguan,male,adult,war captive / royal slave,military / state labor,monarchy,demography,count_fighting_men,10000.0,,persons,,,reported,0,"vol. 1, pp. 190-191",These nearly all belong to the Kings.,Bowring notes the figures include fighting men only.
OBS0004,S01,1855,mid-1850s,Siam,Kingdom-wide / crown domain,royal war captives (fighting men),Lao,Lao,male,adult,war captive / royal slave,military / state labor,monarchy,demography,count_fighting_men,20000.0,,persons,,,reported,0,"vol. 1, pp. 190-191",These nearly all belong to the Kings.,Bowring notes the figures include fighting men only.
OBS0005,S01,1855,mid-1850s,Siam,Kingdom-wide / crown domain,royal war captives (fighting men),Burmese,Burmese,male,adult,war captive / royal slave,military / state labor,monarchy,demography,count_fighting_men,1000.0,,persons,,,reported,0,"vol. 1, pp. 190-191",These nearly all belong to the Kings.,Bowring notes the figures include fighting men only.
OBS0006,S01,1855,mid-1850s,Siam,Kingdom-wide / crown domain,royal slaves,Malay / Peguan / others,,male,adult,royal slave,maritime,monarchy,labor,average_monthly_pay_sailor,8.0,,ticals per month,,,reported,0,"vol. 1, pp. 190-191",,
OBS0007,S01,1855,mid-1850s,Siam,Kingdom-wide / crown domain,royal slaves,Malay / Peguan / others,,male,adult,royal slave,maritime,monarchy,labor,monthly_pay_serang_lower,20.0,,ticals per month,20.0,30.0,range_bound,0,"vol. 1, pp. 190-191",,
OBS0008,S01,1855,mid-1850s,Siam,Kingdom-wide / crown domain,royal slaves,Lao / Cochin Chinese / Malay / Peguan,,male,adult,royal slave,military,monarchy,labor,monthly_pay_soldier_on_service,4.0,,ticals per month,,,reported,0,"vol. 1, pp. 190-191",,Bowring also notes rice rations.
OBS0009,S01,1855,mid-1850s,Siam,Kingdom-wide / crown domain,royal slaves,Lao / Cochin Chinese / Malay / Peguan,,male,adult,royal slave,military,monarchy,labor,required_service_months_per_year,3.0,,months per year,,,reported,0,"vol. 1, pp. 190-191",,
OBS0010,S01,1855,mid-1850s,Siam,Kingdom-wide / crown domain,royal slaves,Lao / Cochin Chinese / Malay / Peguan,,male,adult,royal slave,military,monarchy,labor,months_free_from_service,9.0,,months per year,,,reported,0,"vol. 1, pp. 190-191",,
OBS0011,S01,1855,mid-1850s,Siam,Kingdom-wide / crown domain,children of royal war captives,,,male,child,slave by descent,household / state labor,monarchy,law,sons_become_slaves_to_king,1.0,,binary,,,reported,0,"vol. 1, pp. 190-191",,
OBS0012,S01,1855,mid-1850s,Siam,Kingdom-wide / crown domain,children of royal war captives,,,female,child,saleable dependent,household,parents / owners,law,daughters_saleable_by_parents,1.0,,binary,,,reported,0,"vol. 1, pp. 190-191",,
OBS0013,S01,1855,mid-1850s,Siam,Kingdom-wide,redeemable slaves,,,male,adult,slave by purchase,general labor,masters,price,price_male_min,80.0,,ticals,80.0,120.0,range_bound,0,"vol. 1, pp. 193-195",,
OBS0014,S01,1855,mid-1850s,Siam,Kingdom-wide,redeemable slaves,,,male,adult,slave by purchase,general labor,masters,price,price_male_max,120.0,,ticals,80.0,120.0,range_bound,0,"vol. 1, pp. 193-195",,
OBS0015,S01,1855,mid-1850s,Siam,Kingdom-wide,redeemable slaves,,,female,adult,slave by purchase,general labor,masters,price,price_female_min,60.0,,ticals,60.0,100.0,range_bound,0,"vol. 1, pp. 193-195",,
OBS0016,S01,1855,mid-1850s,Siam,Kingdom-wide,redeemable slaves,,,female,adult,slave by purchase,general labor,masters,price,price_female_max,100.0,,ticals,60.0,100.0,range_bound,0,"vol. 1, pp. 193-195",,
OBS0017,S01,1855,mid-1850s,Siam,Kingdom-wide,irredeemable young girls,,,female,child / young adult,irredeemable slave by sale,domestic / household,masters,mobility,abscond_share_lower_bound,0.8,,share,0.8,,lower_bound_statement,0,"vol. 1, pp. 193-195",more than four-fifths abscond when they get an opportunity,
OBS0018,S01,1855,mid-1850s,Siam,Kingdom-wide,slave child sold by parents,,,male,child,slave by sale,household / general labor,buyer,price,example_sale_price,100.0,,ticals,,,reported,0,"vol. 1, pp. 193-195",husband and wife sell son Pau for 100 ticals,
OBS0019,S01,1855,mid-1850s,Siam,Kingdom-wide,redeemable slaves,,,,,debt slave,general labor,masters,debt,illustrative_inflated_debt_note,400.0,,ticals,,,reported,0,"vol. 1, pp. 193-195",,"Bowring notes that breakage, borrowing, and additions could raise papers to 400 ticals."
OBS0020,S01,1855,mid-1850s,Siam,Kingdom-wide,slaves by birth,,,,adult,slave by descent,general labor,masters,price,fixed_redemption_price_at_manhood,48.0,,ticals,,,reported,0,"vol. 1, pp. 195-196",,
OBS0021,S01,1855,mid-1850s,Siam,Kingdom-wide,borrowers / debtors,,,,,debtors,credit,creditors,finance,interest_rate,30.0,,percent,,,reported,0,"vol. 1, pp. 193-196",,
OBS0022,S01,1855,mid-1850s,Siam,Kingdom-wide,self-selling persons in rice scarcity,,,female,adult,self-sold slave,general labor,masters,price,rice_dear_standard_price_woman,48.0,,ticals,,,reported,0,"vol. 1, pp. 196-197",,
OBS0023,S01,1855,mid-1850s,Siam,Kingdom-wide,self-selling persons in rice scarcity,,,male,adult,self-sold slave,general labor,masters,price,rice_dear_standard_price_man,56.0,,ticals,,,reported,0,"vol. 1, pp. 196-197",,
OBS0024,S01,1855,mid-1850s,Siam,Kingdom-wide,slaves,,,,,slave class,legal,masters / state,law,recognized_slave_class,1.0,bought with money,binary,,,reported,0,"vol. 1, pp. 196-197",,
OBS0025,S01,1855,mid-1850s,Siam,Kingdom-wide,slaves,,,,,slave class,legal,masters / state,law,recognized_slave_class,1.0,by birth,binary,,,reported,0,"vol. 1, pp. 196-197",,
OBS0026,S01,1855,mid-1850s,Siam,Kingdom-wide,slaves,,,,,slave class,legal,masters / state,law,recognized_slave_class,1.0,left by legacy,binary,,,reported,0,"vol. 1, pp. 196-197",,
OBS0027,S01,1855,mid-1850s,Siam,Kingdom-wide,slaves,,,,,slave class,legal,masters / state,law,recognized_slave_class,1.0,by gift,binary,,,reported,0,"vol. 1, pp. 196-197",,
OBS0028,S01,1855,mid-1850s,Siam,Kingdom-wide,slaves,,,,,slave class,legal,masters / state,law,recognized_slave_class,1.0,from gratitude,binary,,,reported,0,"vol. 1, pp. 196-197",,
OBS0029,S01,1855,mid-1850s,Siam,Kingdom-wide,slaves,,,,,slave class,legal,masters / state,law,recognized_slave_class,1.0,voluntary in famine,binary,,,reported,0,"vol. 1, pp. 196-197",,
OBS0030,S01,1855,mid-1850s,Siam,Kingdom-wide,slaves,,,,,slave class,legal,masters / state,law,recognized_slave_class,1.0,prisoner of war,binary,,,reported,0,"vol. 1, pp. 196-197",,
OBS0031,S01,1855,mid-1850s,Siam,Kingdom-wide,slaves,,,,,exception class,legal,n/a,law,cannot_be_compelled_to_work,1.0,manumitted slaves,binary,,,reported,0,"vol. 1, pp. 196-197",,
OBS0032,S01,1855,mid-1850s,Siam,Kingdom-wide,slaves,,,,,exception class,legal,n/a,law,cannot_be_compelled_to_work,1.0,those allowed to become talapoins,binary,,,reported,0,"vol. 1, pp. 196-197",,
OBS0033,S01,1855,mid-1850s,Siam,Kingdom-wide,slaves,,,,,exception class,legal,n/a,law,cannot_be_compelled_to_work,1.0,those given to talapoins,binary,,,reported,0,"vol. 1, pp. 196-197",,
OBS0034,S01,1855,mid-1850s,Siam,Kingdom-wide,slaves,,,,,exception class,legal,n/a,law,cannot_be_compelled_to_work,1.0,when master became priest,binary,,,reported,0,"vol. 1, pp. 196-197",,
OBS0035,S01,1855,mid-1850s,Siam,Kingdom-wide,slaves,,,,,exception class,legal,n/a,law,cannot_be_compelled_to_work,1.0,those living around the house,binary,,,reported,0,"vol. 1, pp. 196-197",,
OBS0036,S01,1855,mid-1850s,Siam,Kingdom-wide,slaves,,,,,exception class,legal,n/a,law,cannot_be_compelled_to_work,1.0,those living on the lands,binary,,,reported,0,"vol. 1, pp. 196-197",,
OBS0037,S01,1855,mid-1850s,Siam,Kingdom-wide,female slaves,,,female,adult,slave by purchase or descent,marriage / household,masters,law,forced_marriage_redemption_remitted_share,0.5,,share,,,reported,0,"vol. 1, pp. 196-197",,
OBS0038,S01,1855,mid-1850s,Siam,Kingdom-wide,slaves serving in war,,,,adult,slave,military,masters / king,law,war_service_remits_redemption_if_fights,1.0,,binary,,,reported,0,"vol. 1, pp. 196-197",,
OBS0039,S01,1855,mid-1850s,Siam,Kingdom-wide,slaves serving in war,,,,adult,slave,military,masters / king,law,war_service_remits_redemption_if_not_fight_share,0.5,,share,,,reported,0,"vol. 1, pp. 196-197",,
OBS0040,S01,1855,mid-1850s,Siam,Kingdom-wide,rice-planting slaves,,,,adult,slave,agriculture,masters,law,cannot_leave_until_season_finished,1.0,,binary,,,reported,0,"vol. 1, pp. 196-197",,
OBS0041,S01,1855,mid-1850s,Siam,Kingdom-wide,injured slaves,,,,,slave,general labor,masters,law,compensation_for_work_injury,1.0,,binary,,,reported,0,"vol. 1, pp. 196-197",,
OBS0042,S01,1855,mid-1850s,Siam,Kingdom-wide,slaves dying in defense of master,,,,,slave,general labor,masters,law,no_claim_if_slave_dies_defending_master,1.0,,binary,,,reported,0,"vol. 1, pp. 196-197",,
OBS0043,S01,1855,mid-1850s,Siam,Kingdom-wide,ill slaves in epidemic,,,,,slave,care,relations / masters,law,no_claim_when_relations_care_in_epidemic,1.0,,binary,,,reported,0,"vol. 1, pp. 196-197",,
OBS0044,S01,1855,mid-1850s,Siam,Kingdom-wide,Siamese population,,,,,population,demographic estimate,n/a,demography,slave_share_claim_by_bishop,0.3333333333333333,,share,,,reported,0,"vol. 1, p. 193",The Bishop gives a third of the population as slaves.,
OBS0045,S01,1855,mid-1850s,Siam,Kingdom-wide,Siamese population,,,,,population,demographic estimate,n/a,demography,slave_share_lower_bound_bowring,0.3333333333333333,,share,0.3333333333333333,,lower_bound_statement,0,"vol. 1, p. 193",there are distinctly much more than a third of Siamese who are slaves,
OBS0046,S01,1855,mid-1850s,Siam,Kingdom-wide,population,Siamese proper,Siamese proper,,,population estimate,demography,n/a,demography,population_estimate,1900000.0,,persons,,,reported,0,"vol. 1, pp. 62-63",,
OBS0047,S01,1855,mid-1850s,Siam,Kingdom-wide,population,Chinese,Chinese,,,population estimate,demography,n/a,demography,population_estimate,1500000.0,,persons,,,reported,0,"vol. 1, pp. 62-63",,
OBS0048,S01,1855,mid-1850s,Siam,Kingdom-wide,population,Lao,Lao,,,population estimate,demography,n/a,demography,population_estimate,1000000.0,,persons,,,reported,0,"vol. 1, pp. 62-63",,
OBS0049,S01,1855,mid-1850s,Siam,Kingdom-wide,population,Malay,Malay,,,population estimate,demography,n/a,demography,population_estimate,1000000.0,,persons,,,reported,0,"vol. 1, pp. 62-63",,
OBS0050,S01,1855,mid-1850s,Siam,Kingdom-wide,population,Cambodian,Cambodian,,,population estimate,demography,n/a,demography,population_estimate,500000.0,,persons,,,reported,0,"vol. 1, pp. 62-63",,
OBS0051,S01,1855,mid-1850s,Siam,Kingdom-wide,population,Peguan,Peguan,,,population estimate,demography,n/a,demography,population_estimate,50000.0,,persons,,,reported,0,"vol. 1, pp. 62-63",,
OBS0052,S01,1855,mid-1850s,Siam,Kingdom-wide,population,Karen / Xong / others,Karen / Xong / others,,,population estimate,demography,n/a,demography,population_estimate,50000.0,,persons,,,reported,0,"vol. 1, pp. 62-63",,
OBS0053,S01,1855,mid-1850s,Siam,Kingdom-wide,population,,,,,population estimate,demography,n/a,demography,population_total_pallegoix,6000000.0,,persons,,,reported,0,"vol. 1, pp. 62-63",,
OBS0054,S01,1855,mid-1850s,Siam,Kingdom-wide,population,,,,,population estimate,demography,n/a,demography,population_total_bowring_lower,4500000.0,,persons,4500000.0,5000000.0,range_bound,0,"vol. 1, pp. 62-63",,
OBS0055,S01,1855,mid-1850s,Siam,Kingdom-wide,population,,,,,population estimate,demography,n/a,demography,population_total_bowring_upper,5000000.0,,persons,4500000.0,5000000.0,range_bound,0,"vol. 1, pp. 62-63",,
OBS0056,S01,1855,mid-1850s,Siam,Central plain / kingdom-wide,rice sector,,,,,agricultural production,agriculture,export economy,economy,estimated_rice_output,25000.0,,tons,,,reported,0,"vol. 1, pp. 285-286",,
OBS0057,S01,1855,mid-1850s,Siam,Central plain / kingdom-wide,rice sector,,,,,agricultural production,agriculture,export economy,economy,possible_rice_output_with_extended_cultivation,100000.0,,tons,,,reported,0,"vol. 1, pp. 285-286",,
OBS0058,S02,1880,1880,Siam,Kingdom-wide,trade,,,,,trade balance,trade,state / merchants,trade,export_change_vs_previous_year,-0.1,,share,,,reported,0,Report for 1880,,
OBS0059,S02,1880,1880,Siam,Kingdom-wide,trade,,,,,trade balance,trade,state / merchants,trade,import_change_vs_previous_year,-0.025,,share,,,reported,0,Report for 1880,,
OBS0060,S02,1880,1880,Siam,Kingdom-wide,public works,,,,,state spending,infrastructure,state,public_finance,public_works_spending,0.0,,dollars,,,reported,0,Report for 1880,"Not a single dollar has been expended... on roads, bridges, canals, etc.",
OBS0061,S02,1880,1880,Siam,Kingdom-wide,rice milling,,,,,industry,rice milling,Chinese / merchants,economy,new_rice_mills_opened,2.0,,count,,,reported,0,Report for 1880,,
OBS0062,S02,1880,1880,Siam,Kingdom-wide,rice milling,,,,,industry,rice milling,Chinese / merchants,economy,rice_mills_under_construction,2.0,,count,,,reported,0,Report for 1880,,
OBS0063,S02,1880,1880,Siam,Kingdom-wide,political economy,,,,,state / labor system,extractive state,state / tax farmers,political_economy,labor_price_rising,1.0,,binary,,,reported,0,Report for 1880,,rise in labor price
OBS0064,S02,1880,1880,Siam,Kingdom-wide,political economy,,,,,state / labor system,extractive state,state / tax farmers,political_economy,population_declining_claim,1.0,,binary,,,reported,0,Report for 1880,,progressive diminution of population itself
OBS0065,S02,1880,1880,Siam,Kingdom-wide,political economy,,,,,state / labor system,extractive state,state / tax farmers,political_economy,slavery_in_full_force,1.0,,binary,,,reported,0,Report for 1880,,slavery exists as yet in full force throughout the kingdom
OBS0066,S02,1880,1880,Siam,Kingdom-wide,political economy,,,,,state / labor system,extractive state,state / tax farmers,political_economy,opium_shops_increase,1.0,,binary,,,reported,0,Report for 1880,,increase of opium shops encouraged
OBS0067,S02,1880,1880,Siam,Kingdom-wide,political economy,,,,,state / labor system,extractive state,state / tax farmers,political_economy,spirit_shops_increase,1.0,,binary,,,reported,0,Report for 1880,,increase of spirit shops encouraged
OBS0068,S02,1880,1880,Siam,Kingdom-wide,political economy,,,,,state / labor system,extractive state,state / tax farmers,political_economy,gambling_houses_increase,1.0,,binary,,,reported,0,Report for 1880,,increase of gambling houses encouraged
OBS0069,S02,1880,1880,Siam,Kingdom-wide,political economy,,,,,state / labor system,extractive state,state / tax farmers,political_economy,subsistence_decline,1.0,,binary,,,reported,0,Report for 1880,,progressive diminution of means of subsistence
OBS0070,S03,1904,1903-1904,Siam,Kingdom-wide or Bangkok,state finance / trade,,,,,state or trade metric,state finance / trade,state / merchants,public_finance,budget_revenue,45540000.0,,ticals,,,reported,0,Budget year 122,,
OBS0071,S03,1904,1903-1904,Siam,Kingdom-wide or Bangkok,state finance / trade,,,,,state or trade metric,state finance / trade,state / merchants,public_finance,budget_expenditure,45499365.0,,ticals,,,reported,0,Budget year 122,,
OBS0072,S03,1904,1903-1904,Siam,Kingdom-wide or Bangkok,state finance / trade,,,,,state or trade metric,state finance / trade,state / merchants,public_finance,budget_surplus,40635.0,,ticals,,,reported,0,Budget year 122,,
OBS0073,S03,1904,1903-1904,Siam,Kingdom-wide or Bangkok,state finance / trade,,,,,state or trade metric,state finance / trade,state / merchants,public_finance,budget_revenue_previous_year,39000000.0,,ticals,,,reported,0,Budget year 121,,
OBS0074,S03,1904,1903-1904,Siam,Kingdom-wide or Bangkok,state finance / trade,,,,,state or trade metric,state finance / trade,state / merchants,public_finance,budget_expenditure_previous_year,38971271.0,,ticals,,,reported,0,Budget year 121,,
OBS0075,S03,1904,1903-1904,Siam,Kingdom-wide or Bangkok,state finance / trade,,,,,state or trade metric,state finance / trade,state / merchants,public_finance,ministry_local_govt_budget_1894_95,206000.0,,ticals,,,reported,0,Ministry of Local Government,,
OBS0076,S03,1904,1903-1904,Siam,Kingdom-wide or Bangkok,state finance / trade,,,,,state or trade metric,state finance / trade,state / merchants,public_finance,ministry_local_govt_budget_1903_04,10500000.0,,ticals,,,reported,0,Ministry of Local Government,,
OBS0077,S03,1904,1903-1904,Siam,Kingdom-wide or Bangkok,state finance / trade,,,,,state or trade metric,state finance / trade,state / merchants,public_finance,gendarmerie_budget,2560000.0,,ticals,,,reported,0,Ministry of Local Government,,
OBS0078,S03,1904,1903-1904,Siam,Kingdom-wide or Bangkok,state finance / trade,,,,,state or trade metric,state finance / trade,state / merchants,public_finance,revenue_offices_budget,1482000.0,,ticals,,,reported,0,Ministry of Local Government,,
OBS0079,S03,1904,1903-1904,Siam,Kingdom-wide or Bangkok,state finance / trade,,,,,state or trade metric,state finance / trade,state / merchants,public_finance,provincial_administration_budget,5275000.0,,ticals,,,reported,0,Ministry of Local Government,,
OBS0080,S03,1904,1903-1904,Siam,Kingdom-wide or Bangkok,state finance / trade,,,,,state or trade metric,state finance / trade,state / merchants,public_finance,forests_budget,850000.0,,ticals,,,reported,0,Ministry of Local Government,,
OBS0081,S03,1904,1903-1904,Siam,Kingdom-wide or Bangkok,state finance / trade,,,,,state or trade metric,state finance / trade,state / merchants,public_finance,bangkok_police_budget,1143000.0,,ticals,,,reported,0,Bangkok administration,,
OBS0082,S03,1904,1903-1904,Siam,Kingdom-wide or Bangkok,state finance / trade,,,,,state or trade metric,state finance / trade,state / merchants,public_finance,sanitation_budget,1121064.0,,ticals,,,reported,0,Bangkok administration,,
OBS0083,S03,1904,1903-1904,Siam,Kingdom-wide or Bangkok,state finance / trade,,,,,state or trade metric,state finance / trade,state / merchants,public_finance,royal_mint_budget,1632000.0,,ticals,,,reported,0,Bangkok administration,,
OBS0084,S03,1904,1903-1904,Siam,Kingdom-wide or Bangkok,state finance / trade,,,,,state or trade metric,state finance / trade,state / merchants,public_finance,custom_house_budget,434000.0,,ticals,,,reported,0,Bangkok administration,,
OBS0085,S03,1904,1903-1904,Siam,Kingdom-wide or Bangkok,state finance / trade,,,,,state or trade metric,state finance / trade,state / merchants,public_finance,police_force_total,3580.0,,persons,,,reported,0,Bangkok police,,
OBS0086,S03,1904,1903-1904,Siam,Kingdom-wide or Bangkok,state finance / trade,,,,,state or trade metric,state finance / trade,state / merchants,public_finance,police_force_siamese,3252.0,,persons,,,reported,0,Bangkok police,,
OBS0087,S03,1904,1903-1904,Siam,Kingdom-wide or Bangkok,state finance / trade,,,,,state or trade metric,state finance / trade,state / merchants,public_finance,police_force_indian,320.0,,persons,,,reported,0,Bangkok police,,
OBS0088,S03,1904,1903-1904,Siam,Kingdom-wide or Bangkok,state finance / trade,,,,,state or trade metric,state finance / trade,state / merchants,trade,exports_1902,87401889.0,,ticals,,,reported,0,Trade,,
OBS0089,S03,1904,1903-1904,Siam,Kingdom-wide or Bangkok,state finance / trade,,,,,state or trade metric,state finance / trade,state / merchants,trade,exports_1897,57689792.0,,ticals,,,reported,0,Trade,,
OBS0090,S03,1904,1903-1904,Siam,Kingdom-wide or Bangkok,state finance / trade,,,,,state or trade metric,state finance / trade,state / merchants,trade,imports_1902,65420231.0,,ticals,,,reported,0,Trade,,
OBS0091,S03,1904,1903-1904,Siam,Kingdom-wide or Bangkok,state finance / trade,,,,,state or trade metric,state finance / trade,state / merchants,trade,imports_1897,40973403.0,,ticals,,,reported,0,Trade,,
OBS0092,S03,1904,1903-1904,Siam,Kingdom-wide or Bangkok,state finance / trade,,,,,state or trade metric,state finance / trade,state / merchants,trade,bangkok_rice_mills,36.0,,count,,,reported,0,Industry,,
OBS0093,S03,1904,1903-1904,Siam,Kingdom-wide or Bangkok,state finance / trade,,,,,state or trade metric,state finance / trade,state / merchants,trade,talesap_export_picul_min,100000.0,,piculs,,,reported,0,Northeast/east regional economy,,
OBS0094,S03,1904,1903-1904,Siam,Kingdom-wide or Bangkok,state finance / trade,,,,,state or trade metric,state finance / trade,state / merchants,trade,talesap_export_picul_max,200000.0,,piculs,,,reported,0,Northeast/east regional economy,,
OBS0095,S03,1904,1903-1904,Siam,Kingdom-wide,official narrative,,Lao,,,state description,official narrative,state,narrative_code,large_numbers_of_lao_recruits_to_police,1.0,,binary,,,reported,0,Descriptive chapters,,large numbers of Laos from Korat and Lopburi join every year
OBS0096,S03,1904,1903-1904,Siam,Kingdom-wide,official narrative,,,,,state description,official narrative,state,narrative_code,korat_plateau_little_exportable_rice,1.0,,binary,,,reported,0,Descriptive chapters,,Korat plateau has nearly no rice to spare for export
OBS0097,S03,1904,1903-1904,Siam,Kingdom-wide,official narrative,,,,,state description,official narrative,state,narrative_code,slavery_officially_denied_or_minimized,1.0,,binary,,,reported,0,Descriptive chapters,,Slavery in the antique sense has never existed in Siam
OBS0098,S07,1904,1903-1904,Siam,Kingdom-wide,commoners (chai chakan),,,male,able-bodied,taxable commoners,registration,state,demography,able_bodied_commoners_share_of_population,0.25,,share,,,reported,0,Introduction / census explanation,,
OBS0099,S07,1904,1903-1904,Siam,Kingdom-wide,slaves,,,,,slaves outside normal registration,registration,state,demography,slave_share_upper_bound_of_total_population,0.25,,share,,0.25,upper_bound_statement,0,Introduction / census explanation,,
OBS0100,S07,1904,1903-1904,Siam,Twelve detailed monthons,detailed census frame,,,,,census coverage,administration,state,census,detailed_monthons_count,12.0,,count,,,reported,0,pp. 50-52,,
OBS0101,S07,1904,1903-1904,Siam,Twelve detailed monthons,detailed census frame,,,,,census coverage,administration,state,census,detailed_monthons_population,3308032.0,,persons,,,reported,0,pp. 50-52,,
OBS0102,S07,1904,1903-1904,Nakhon Si Thammarat,Detailed 1904 census,resident population,,,,,census population,registration,state,census,monthon_population,645545.0,,persons,,,reported,0,Table 1,,
OBS0103,S07,1904,1903-1904,Krung Kao,Detailed 1904 census,resident population,,,,,census population,registration,state,census,monthon_population,484236.0,,persons,,,reported,0,Table 1,,
OBS0104,S07,1904,1903-1904,Nakhon Ratchasima,Detailed 1904 census,resident population,,,,,census population,registration,state,census,monthon_population,402068.0,,persons,,,reported,0,Table 1,,
OBS0105,S07,1904,1903-1904,Ratchaburi,Detailed 1904 census,resident population,,,,,census population,registration,state,census,monthon_population,344402.0,,persons,,,reported,0,Table 1,,
OBS0106,S07,1904,1903-1904,Prachin Buri,Detailed 1904 census,resident population,,,,,census population,registration,state,census,monthon_population,282053.0,,persons,,,reported,0,Table 1,,
OBS0107,S07,1904,1903-1904,Nakhon Chaisi,Detailed 1904 census,resident population,,,,,census population,registration,state,census,monthon_population,246734.0,,persons,,,reported,0,Table 1,,
OBS0108,S07,1904,1903-1904,Nakhon Sawan,Detailed 1904 census,resident population,,,,,census population,registration,state,census,monthon_population,228497.0,,persons,,,reported,0,Table 1,,
OBS0109,S07,1904,1903-1904,Phitsanulok,Detailed 1904 census,resident population,,,,,census population,registration,state,census,monthon_population,196739.0,,persons,,,reported,0,Table 1,,
OBS0110,S07,1904,1903-1904,Phuket,Detailed 1904 census,resident population,,,,,census population,registration,state,census,monthon_population,178599.0,,persons,,,reported,0,Table 1,,
OBS0111,S07,1904,1903-1904,Chumphon,Detailed 1904 census,resident population,,,,,census population,registration,state,census,monthon_population,129901.0,,persons,,,reported,0,Table 1,,
OBS0112,S07,1904,1903-1904,Chanthaburi,Detailed 1904 census,resident population,,,,,census population,registration,state,census,monthon_population,94977.0,,persons,,,reported,0,Table 1,,
OBS0113,S07,1904,1903-1904,Phetchabun,Detailed 1904 census,resident population,,,,,census population,registration,state,census,monthon_population,74281.0,,persons,,,reported,0,Table 1,,
OBS0114,S07,1904,1903-1904,Twelve detailed monthons,Detailed 1904 census,resident population,Thai,Thai,,,census race total,registration,state,ethnicity,race_total_in_detailed_monthons,2677987.0,,persons,,,reported,0,Table 1,,
OBS0115,S07,1904,1903-1904,Twelve detailed monthons,Detailed 1904 census,resident population,Malay,Malay,,,census race total,registration,state,ethnicity,race_total_in_detailed_monthons,289423.0,,persons,,,reported,0,Table 1,,
OBS0116,S07,1904,1903-1904,Twelve detailed monthons,Detailed 1904 census,resident population,Chinese,Chinese,,,census race total,registration,state,ethnicity,race_total_in_detailed_monthons,195498.0,,persons,,,reported,0,Table 1,,
OBS0117,S07,1904,1903-1904,Twelve detailed monthons,Detailed 1904 census,resident population,Khmer,Khmer,,,census race total,registration,state,ethnicity,race_total_in_detailed_monthons,78704.0,,persons,,,reported,0,Table 1,,
OBS0118,S07,1904,1903-1904,Twelve detailed monthons,Detailed 1904 census,resident population,Mon,Mon,,,census race total,registration,state,ethnicity,race_total_in_detailed_monthons,29156.0,,persons,,,reported,0,Table 1,,
OBS0119,S07,1904,1903-1904,Twelve detailed monthons,Detailed 1904 census,resident population,Karen,Karen,,,census race total,registration,state,ethnicity,race_total_in_detailed_monthons,19257.0,,persons,,,reported,0,Table 1,,
OBS0120,S07,1904,1903-1904,Twelve detailed monthons,Detailed 1904 census,resident population,Vietnamese,Vietnamese,,,census race total,registration,state,ethnicity,race_total_in_detailed_monthons,4757.0,,persons,,,reported,0,Table 1,,
OBS0121,S07,1904,1903-1904,Twelve detailed monthons,Detailed 1904 census,resident population,Cham,Cham,,,census race total,registration,state,ethnicity,race_total_in_detailed_monthons,1601.0,,persons,,,reported,0,Table 1,,
OBS0122,S07,1904,1903-1904,Twelve detailed monthons,Detailed 1904 census,resident population,Shan,Shan,,,census race total,registration,state,ethnicity,race_total_in_detailed_monthons,944.0,,persons,,,reported,0,Table 1,,
OBS0123,S07,1904,1903-1904,Twelve detailed monthons,Detailed 1904 census,resident population,Burmese,Burmese,,,census race total,registration,state,ethnicity,race_total_in_detailed_monthons,607.0,,persons,,,reported,0,Table 1,,
OBS0124,S07,1904,1903-1904,Twelve detailed monthons,Detailed 1904 census,resident population,Indian,Indian,,,census race total,registration,state,ethnicity,race_total_in_detailed_monthons,518.0,,persons,,,reported,0,Table 1,,
OBS0125,S07,1904,1903-1904,Twelve detailed monthons,Detailed 1904 census,resident population,Javanese,Javanese,,,census race total,registration,state,ethnicity,race_total_in_detailed_monthons,371.0,,persons,,,reported,0,Table 1,,
OBS0126,S07,1904,1903-1904,Twelve detailed monthons,Detailed 1904 census,resident population,White,White,,,census race total,registration,state,ethnicity,race_total_in_detailed_monthons,178.0,,persons,,,reported,0,Table 1,,
OBS0127,S07,1904,1903-1904,Twelve detailed monthons,Detailed 1904 census,resident population,Others,Others,,,census race total,registration,state,ethnicity,race_total_in_detailed_monthons,8936.0,,persons,,,reported,0,Table 1,,
OBS0128,S07,1904,1903-1904,Ratchaburi,Detailed 1904 census,Chinese population,Chinese,Chinese,,,census ethnicity count,registration,state,ethnicity,ethnic_population_by_monthon,38767.0,,persons,,,reported,0,Chinese section,,
OBS0129,S07,1904,1903-1904,Prachin Buri,Detailed 1904 census,Chinese population,Chinese,Chinese,,,census ethnicity count,registration,state,ethnicity,ethnic_population_by_monthon,35912.0,,persons,,,reported,0,Chinese section,,
OBS0130,S07,1904,1903-1904,Nakhon Chaisi,Detailed 1904 census,Chinese population,Chinese,Chinese,,,census ethnicity count,registration,state,ethnicity,ethnic_population_by_monthon,33992.0,,persons,,,reported,0,Chinese section,,
OBS0131,S07,1904,1903-1904,Phuket,Detailed 1904 census,Chinese population,Chinese,Chinese,,,census ethnicity count,registration,state,ethnicity,ethnic_population_by_monthon,32408.0,,persons,,,reported,0,Chinese section,,
OBS0132,S07,1904,1903-1904,Krung Kao,Detailed 1904 census,Chinese population,Chinese,Chinese,,,census ethnicity count,registration,state,ethnicity,ethnic_population_by_monthon,18615.0,,persons,,,reported,0,Chinese section,,
OBS0133,S07,1904,1903-1904,Chanthaburi,Detailed 1904 census,Chinese population,Chinese,Chinese,,,census ethnicity count,registration,state,ethnicity,ethnic_population_by_monthon,10080.0,,persons,,,reported,0,Chinese section,,
OBS0134,S07,1904,1903-1904,Nakhon Si Thammarat,Detailed 1904 census,Chinese population,Chinese,Chinese,,,census ethnicity count,registration,state,ethnicity,ethnic_population_by_monthon,9303.0,,persons,,,reported,0,Chinese section,,
OBS0135,S07,1904,1903-1904,Nakhon Sawan,Detailed 1904 census,Chinese population,Chinese,Chinese,,,census ethnicity count,registration,state,ethnicity,ethnic_population_by_monthon,6283.0,,persons,,,reported,0,Chinese section,,
OBS0136,S07,1904,1903-1904,Phitsanulok,Detailed 1904 census,Chinese population,Chinese,Chinese,,,census ethnicity count,registration,state,ethnicity,ethnic_population_by_monthon,4442.0,,persons,,,reported,0,Chinese section,,
OBS0137,S07,1904,1903-1904,Chumphon,Detailed 1904 census,Chinese population,Chinese,Chinese,,,census ethnicity count,registration,state,ethnicity,ethnic_population_by_monthon,3129.0,,persons,,,reported,0,Chinese section,,
OBS0138,S07,1904,1903-1904,Nakhon Ratchasima,Detailed 1904 census,Chinese population,Chinese,Chinese,,,census ethnicity count,registration,state,ethnicity,ethnic_population_by_monthon,2431.0,,persons,,,reported,0,Chinese section,,
OBS0139,S07,1904,1903-1904,Phetchabun,Detailed 1904 census,Chinese population,Chinese,Chinese,,,census ethnicity count,registration,state,ethnicity,ethnic_population_by_monthon,136.0,,persons,,,reported,0,Chinese section,,
OBS0140,S07,1904,1903-1904,Nakhon Si Thammarat,Detailed 1904 census,Malay population,Malay,Malay,,,census ethnicity count,registration,state,ethnicity,ethnic_population_by_monthon,240642.0,,persons,,,reported,0,Malay section,,
OBS0141,S07,1904,1903-1904,Phuket,Detailed 1904 census,Malay population,Malay,Malay,,,census ethnicity count,registration,state,ethnicity,ethnic_population_by_monthon,34903.0,,persons,,,reported,0,Malay section,,
OBS0142,S07,1904,1903-1904,Krung Kao,Detailed 1904 census,Malay population,Malay,Malay,,,census ethnicity count,registration,state,ethnicity,ethnic_population_by_monthon,5235.0,,persons,,,reported,0,Malay section,,
OBS0143,S07,1904,1903-1904,Prachin Buri,Detailed 1904 census,Malay population,Malay,Malay,,,census ethnicity count,registration,state,ethnicity,ethnic_population_by_monthon,5137.0,,persons,,,reported,0,Malay section,,
OBS0144,S07,1904,1903-1904,Chumphon,Detailed 1904 census,Malay population,Malay,Malay,,,census ethnicity count,registration,state,ethnicity,ethnic_population_by_monthon,1986.0,,persons,,,reported,0,Malay section,,
OBS0145,S07,1904,1903-1904,Ratchaburi,Detailed 1904 census,Malay population,Malay,Malay,,,census ethnicity count,registration,state,ethnicity,ethnic_population_by_monthon,1380.0,,persons,,,reported,0,Malay section,,
OBS0146,S07,1904,1903-1904,Nakhon Ratchasima,Detailed 1904 census,Khmer population,Khmer,Khmer,,,census ethnicity count,registration,state,ethnicity,ethnic_population_by_monthon,41038.0,,persons,,,reported,0,Khmer section,,
OBS0147,S07,1904,1903-1904,Ratchaburi,Detailed 1904 census,Khmer population,Khmer,Khmer,,,census ethnicity count,registration,state,ethnicity,ethnic_population_by_monthon,19886.0,,persons,,,reported,0,Khmer section,,
OBS0148,S07,1904,1903-1904,Prachin Buri,Detailed 1904 census,Khmer population,Khmer,Khmer,,,census ethnicity count,registration,state,ethnicity,ethnic_population_by_monthon,10732.0,,persons,,,reported,0,Khmer section,,
OBS0149,S07,1904,1903-1904,Chanthaburi,Detailed 1904 census,Khmer population,Khmer,Khmer,,,census ethnicity count,registration,state,ethnicity,ethnic_population_by_monthon,3296.0,,persons,,,reported,0,Khmer section,,
OBS0150,S07,1904,1903-1904,Nakhon Chaisi,Detailed 1904 census,Khmer population,Khmer,Khmer,,,census ethnicity count,registration,state,ethnicity,ethnic_population_by_monthon,3135.0,,persons,,,reported,0,Khmer section,,
OBS0151,S07,1904,1903-1904,Ratchaburi,Detailed 1904 census,Mon population,Mon,Mon,,,census ethnicity count,registration,state,ethnicity,ethnic_population_by_monthon,12806.0,,persons,,,reported,0,Mon section,,
OBS0152,S07,1904,1903-1904,Nakhon Chaisi,Detailed 1904 census,Mon population,Mon,Mon,,,census ethnicity count,registration,state,ethnicity,ethnic_population_by_monthon,6822.0,,persons,,,reported,0,Mon section,,
OBS0153,S07,1904,1903-1904,Nakhon Sawan,Detailed 1904 census,Mon population,Mon,Mon,,,census ethnicity count,registration,state,ethnicity,ethnic_population_by_monthon,2943.0,,persons,,,reported,0,Mon section,,
OBS0154,S07,1904,1903-1904,Krung Kao,Detailed 1904 census,Mon population,Mon,Mon,,,census ethnicity count,registration,state,ethnicity,ethnic_population_by_monthon,2532.0,,persons,,,reported,0,Mon section,,
OBS0155,S07,1904,1903-1904,Nakhon Ratchasima,Detailed 1904 census,Mon population,Mon,Mon,,,census ethnicity count,registration,state,ethnicity,ethnic_population_by_monthon,2259.0,,persons,,,reported,0,Mon section,,
OBS0156,S07,1904,1903-1904,Prachin Buri,Detailed 1904 census,Mon population,Mon,Mon,,,census ethnicity count,registration,state,ethnicity,ethnic_population_by_monthon,1715.0,,persons,,,reported,0,Mon section,,
OBS0157,S07,1904,1903-1904,Nakhon Sawan,Detailed 1904 census,Karen population,Karen,Karen,,,census ethnicity count,registration,state,ethnicity,ethnic_population_by_monthon,10819.0,,persons,,,reported,0,Karen section,,
OBS0158,S07,1904,1903-1904,Ratchaburi,Detailed 1904 census,Karen population,Karen,Karen,,,census ethnicity count,registration,state,ethnicity,ethnic_population_by_monthon,6288.0,,persons,,,reported,0,Karen section,,
OBS0159,S07,1904,1903-1904,Nakhon Chaisi,Detailed 1904 census,Karen population,Karen,Karen,,,census ethnicity count,registration,state,ethnicity,ethnic_population_by_monthon,1232.0,,persons,,,reported,0,Karen section,,
OBS0160,S07,1904,1903-1904,Prachin Buri,Detailed 1904 census,Karen population,Karen,Karen,,,census ethnicity count,registration,state,ethnicity,ethnic_population_by_monthon,523.0,,persons,,,reported,0,Karen section,,
OBS0161,S07,1904,1903-1904,Phetchabun,Detailed 1904 census,Karen population,Karen,Karen,,,census ethnicity count,registration,state,ethnicity,ethnic_population_by_monthon,288.0,,persons,,,reported,0,Karen section,,
OBS0162,S07,1904,1903-1904,Nakhon Ratchasima,Detailed 1904 census,Karen population,Karen,Karen,,,census ethnicity count,registration,state,ethnicity,ethnic_population_by_monthon,65.0,,persons,,,reported,0,Karen section,,
OBS0163,S07,1904,1903-1904,Detailed-count monthons aggregate,National estimate from census explanation,resident population,,,,,population estimate,census extrapolation,state,census,national_component_population,3372146.0,,persons,,,reported,0,Explanation of census figures,,
OBS0164,S07,1904,1903-1904,Isan,National estimate from census explanation,resident population,,,,,population estimate,census extrapolation,state,census,national_component_population,915750.0,,persons,,,reported,0,Explanation of census figures,,
OBS0165,S07,1904,1903-1904,Udon,National estimate from census explanation,resident population,,,,,population estimate,census extrapolation,state,census,national_component_population,576947.0,,persons,,,reported,0,Explanation of census figures,,
OBS0166,S07,1904,1903-1904,Krung Thep,National estimate from census explanation,resident population,,,,,population estimate,census extrapolation,state,census,national_component_population,493677.0,,persons,,,reported,0,Explanation of census figures,,
OBS0167,S07,1904,1903-1904,Phayap,National estimate from census explanation,resident population,,,,,population estimate,census extrapolation,state,census,national_component_population,485563.0,,persons,,,reported,0,Explanation of census figures,,
OBS0168,S07,1904,1903-1904,Kelantan,National estimate from census explanation,resident population,,,,,population estimate,census extrapolation,state,census,national_component_population,300000.0,,persons,,,reported,0,Explanation of census figures,,
OBS0169,S07,1904,1903-1904,Saiburi,National estimate from census explanation,resident population,,,,,population estimate,census extrapolation,state,census,national_component_population,219000.0,,persons,,,reported,0,Explanation of census figures,,
OBS0170,S07,1904,1903-1904,Burapha,National estimate from census explanation,resident population,,,,,population estimate,census extrapolation,state,census,national_component_population,208868.0,,persons,,,reported,0,Explanation of census figures,,
OBS0171,S07,1904,1903-1904,Trengganu,National estimate from census explanation,resident population,,,,,population estimate,census extrapolation,state,census,national_component_population,114895.0,,persons,,,reported,0,Explanation of census figures,,
OBS0172,S07,1904,1903-1904,Kingdom total,National estimate from census explanation,resident population,,,,,population estimate,census extrapolation,state,census,national_total_population,6686846.0,,persons,,,reported,0,Explanation of census figures,,
OBS0173,S07,1904,circa 1904,Siam,Kingdom-wide,population,,,,,historian adjustment,demography,n/a,demography,proposed_undercount_adjustment_min_share,0.069,,share,,,reported,0,Analysis section,,
OBS0174,S07,1904,circa 1904,Siam,Kingdom-wide,population,,,,,historian reconstruction,demography,n/a,demography,reconstructed_population_1904,7440000.0,,persons,,,reported,0,Analysis section,,
OBS0175,S07,1900,circa 1900,Siam,Kingdom-wide,population,,,,,historian reconstruction,demography,n/a,demography,turn_of_century_population,7000000.0,,persons,,,reported,0,Analysis section,,
OBS0176,S07,1904,1903-1904,Siam,Administrative geography / census practice,ethnic classification,,Lao,,,administrative coding,census / state formation,Bangkok-centered state,ethnicity,lao_registered_as_thai,1.0,,binary,,,reported,0,pp. 50-55,,Lao had to be registered as Thai
OBS0177,S07,1904,1903-1904,Siam,Administrative geography / census practice,ethnic classification,,Lao,,,administrative coding,census / state formation,Bangkok-centered state,ethnicity,monthon_lao_phuan_renamed_udon,1.0,,binary,,,reported,0,pp. 50-55,,Monthon Lao Phuan renamed Udon
OBS0178,S07,1904,1903-1904,Siam,Administrative geography / census practice,ethnic classification,,Lao,,,administrative coding,census / state formation,Bangkok-centered state,ethnicity,monthon_lao_chiang_renamed_phayap,1.0,,binary,,,reported,0,pp. 50-55,,Monthon Lao Chiang renamed Phayap
OBS0179,S07,1904,1903-1904,Siam,Administrative geography / census practice,ethnic classification,,,,,administrative coding,census / state formation,Bangkok-centered state,ethnicity,monthon_khamen_renamed_burapha,1.0,,binary,,,reported,0,pp. 50-55,,Monthon Khamen renamed Burapha
OBS0180,S07,1904,1903-1904,Siam,Administrative geography / census practice,ethnic classification,,Lao,,,administrative coding,census / state formation,Bangkok-centered state,ethnicity,udon_isan_phayap_omitted_from_detailed_1904_census,1.0,,binary,,,reported,0,pp. 50-55,,"Udon, Isan and Phayap excluded from detailed census"
OBS0181,S07,1905,1905-1907,Prachin Buri,Supplementary provincial census,Lao population,Thai,Lao,,,provincial ethnicity estimate,registration,state,ethnicity,lao_share_of_prachin_buri_population,0.3,,share,,,approximate,0,comparative discussion,,
OBS0182,S07,1904,1903-1904,Nakhon Si Thammarat,Detailed 1904 census,households,,,,,household stock,housing,households,welfare_proxy,houses_count,192226.0,,houses,,,reported,0,Table 2b,,
OBS0183,S07,1904,1903-1904,Krung Kao,Detailed 1904 census,households,,,,,household stock,housing,households,welfare_proxy,houses_count,183147.0,,houses,,,reported,0,Table 2b,,
OBS0184,S07,1904,1903-1904,Nakhon Ratchasima,Detailed 1904 census,households,,,,,household stock,housing,households,welfare_proxy,houses_count,107013.0,,houses,,,reported,0,Table 2b,,
OBS0185,S07,1904,1903-1904,Ratchaburi,Detailed 1904 census,households,,,,,household stock,housing,households,welfare_proxy,houses_count,118885.0,,houses,,,reported,0,Table 2b,,
OBS0186,S07,1904,1903-1904,Prachin Buri,Detailed 1904 census,households,,,,,household stock,housing,households,welfare_proxy,houses_count,97806.0,,houses,,,reported,0,Table 2b,,
OBS0187,S07,1904,1903-1904,Nakhon Chaisi,Detailed 1904 census,households,,,,,household stock,housing,households,welfare_proxy,houses_count,81647.0,,houses,,,reported,0,Table 2b,,
OBS0188,S07,1904,1903-1904,Nakhon Sawan,Detailed 1904 census,households,,,,,household stock,housing,households,welfare_proxy,houses_count,85170.0,,houses,,,reported,0,Table 2b,,
OBS0189,S07,1904,1903-1904,Phitsanulok,Detailed 1904 census,households,,,,,household stock,housing,households,welfare_proxy,houses_count,52712.0,,houses,,,reported,0,Table 2b,,
OBS0190,S07,1904,1903-1904,Phuket,Detailed 1904 census,households,,,,,household stock,housing,households,welfare_proxy,houses_count,45453.0,,houses,,,reported,0,Table 2b,,
OBS0191,S07,1904,1903-1904,Chumphon,Detailed 1904 census,households,,,,,household stock,housing,households,welfare_proxy,houses_count,36797.0,,houses,,,reported,0,Table 2b,,
OBS0192,S07,1904,1903-1904,Chanthaburi,Detailed 1904 census,households,,,,,household stock,housing,households,welfare_proxy,houses_count,33142.0,,houses,,,reported,0,Table 2b,,
OBS0193,S07,1904,1903-1904,Phetchabun,Detailed 1904 census,households,,,,,household stock,housing,households,welfare_proxy,houses_count,19789.0,,houses,,,reported,0,Table 2b,,
OBS0194,S07,1904,1903-1904,Nakhon Si Thammarat,Detailed 1904 census,households,,,,,household composition,housing,households,welfare_proxy,persons_per_household,3.36,,persons per house,,,reported,0,Table 2b,,
OBS0195,S07,1904,1903-1904,Krung Kao,Detailed 1904 census,households,,,,,household composition,housing,households,welfare_proxy,persons_per_household,2.64,,persons per house,,,reported,0,Table 2b,,
OBS0196,S07,1904,1903-1904,Nakhon Ratchasima,Detailed 1904 census,households,,,,,household composition,housing,households,welfare_proxy,persons_per_household,3.76,,persons per house,,,reported,0,Table 2b,,
OBS0197,S07,1904,1903-1904,Ratchaburi,Detailed 1904 census,households,,,,,household composition,housing,households,welfare_proxy,persons_per_household,2.9,,persons per house,,,reported,0,Table 2b,,
OBS0198,S07,1904,1903-1904,Prachin Buri,Detailed 1904 census,households,,,,,household composition,housing,households,welfare_proxy,persons_per_household,2.88,,persons per house,,,reported,0,Table 2b,,
OBS0199,S07,1904,1903-1904,Nakhon Chaisi,Detailed 1904 census,households,,,,,household composition,housing,households,welfare_proxy,persons_per_household,3.02,,persons per house,,,reported,0,Table 2b,,
OBS0200,S07,1904,1903-1904,Nakhon Sawan,Detailed 1904 census,households,,,,,household composition,housing,households,welfare_proxy,persons_per_household,2.68,,persons per house,,,reported,0,Table 2b,,
OBS0201,S07,1904,1903-1904,Phitsanulok,Detailed 1904 census,households,,,,,household composition,housing,households,welfare_proxy,persons_per_household,3.73,,persons per house,,,reported,0,Table 2b,,
OBS0202,S07,1904,1903-1904,Phuket,Detailed 1904 census,households,,,,,household composition,housing,households,welfare_proxy,persons_per_household,3.93,,persons per house,,,reported,0,Table 2b,,
OBS0203,S07,1904,1903-1904,Chumphon,Detailed 1904 census,households,,,,,household composition,housing,households,welfare_proxy,persons_per_household,3.53,,persons per house,,,reported,0,Table 2b,,
OBS0204,S07,1904,1903-1904,Chanthaburi,Detailed 1904 census,households,,,,,household composition,housing,households,welfare_proxy,persons_per_household,2.87,,persons per house,,,reported,0,Table 2b,,
OBS0205,S07,1904,1903-1904,Phetchabun,Detailed 1904 census,households,,,,,household composition,housing,households,welfare_proxy,persons_per_household,3.75,,persons per house,,,reported,0,Table 2b,,
OBS0206,S07,1904,1903-1904,Nakhon Si Thammarat,Detailed 1904 census,religious institutions,,,,,monastic population,religion,sangha,welfare_proxy,monks_and_novices_count,5188.0,,persons,,,reported,0,Table 2b,,
OBS0207,S07,1904,1903-1904,Krung Kao,Detailed 1904 census,religious institutions,,,,,monastic population,religion,sangha,welfare_proxy,monks_and_novices_count,12705.0,,persons,,,reported,0,Table 2b,,
OBS0208,S07,1904,1903-1904,Nakhon Ratchasima,Detailed 1904 census,religious institutions,,,,,monastic population,religion,sangha,welfare_proxy,monks_and_novices_count,8868.0,,persons,,,reported,0,Table 2b,,
OBS0209,S07,1904,1903-1904,Ratchaburi,Detailed 1904 census,religious institutions,,,,,monastic population,religion,sangha,welfare_proxy,monks_and_novices_count,8369.0,,persons,,,reported,0,Table 2b,,
OBS0210,S07,1904,1903-1904,Prachin Buri,Detailed 1904 census,religious institutions,,,,,monastic population,religion,sangha,welfare_proxy,monks_and_novices_count,5715.0,,persons,,,reported,0,Table 2b,,
OBS0211,S07,1904,1903-1904,Nakhon Chaisi,Detailed 1904 census,religious institutions,,,,,monastic population,religion,sangha,welfare_proxy,monks_and_novices_count,3387.0,,persons,,,reported,0,Table 2b,,
OBS0212,S07,1904,1903-1904,Nakhon Sawan,Detailed 1904 census,religious institutions,,,,,monastic population,religion,sangha,welfare_proxy,monks_and_novices_count,5607.0,,persons,,,reported,0,Table 2b,,
OBS0213,S07,1904,1903-1904,Phitsanulok,Detailed 1904 census,religious institutions,,,,,monastic population,religion,sangha,welfare_proxy,monks_and_novices_count,5387.0,,persons,,,reported,0,Table 2b,,
OBS0214,S07,1904,1903-1904,Phuket,Detailed 1904 census,religious institutions,,,,,monastic population,religion,sangha,welfare_proxy,monks_and_novices_count,1382.0,,persons,,,reported,0,Table 2b,,
OBS0215,S07,1904,1903-1904,Chumphon,Detailed 1904 census,religious institutions,,,,,monastic population,religion,sangha,welfare_proxy,monks_and_novices_count,1951.0,,persons,,,reported,0,Table 2b,,
OBS0216,S07,1904,1903-1904,Chanthaburi,Detailed 1904 census,religious institutions,,,,,monastic population,religion,sangha,welfare_proxy,monks_and_novices_count,1700.0,,persons,,,reported,0,Table 2b,,
OBS0217,S07,1904,1903-1904,Phetchabun,Detailed 1904 census,religious institutions,,,,,monastic population,religion,sangha,welfare_proxy,monks_and_novices_count,1216.0,,persons,,,reported,0,Table 2b,,
OBS0218,S08,1880,long nineteenth century,Bang Yi-khan,Bangkok,Lao captive community,Thai (administrative),Lao,,,war captive descendants / state slaves,specialized labor,Thai elite / royal household,labor,community_exists_and_coded,1.0,,binary,,,reported,0,community case studies,,Origin: Vientiane royals and retainers. Labor: elite household / kinship transfer. daughters absorbed as wives and consorts; sons later in government service
OBS0219,S08,1880,long nineteenth century,Bang Khun Phrom,Bangkok,Lao captive community,Thai (administrative),Lao,,,war captive descendants / state slaves,specialized labor,Front Palace / royal navy,labor,community_exists_and_coded,1.0,,binary,,,reported,0,community case studies,,Origin: Lao Phuan captives. Labor: naval craft production. fashioned pirogues and dug boat basin
OBS0220,S08,1880,long nineteenth century,Thewet,Bangkok,Lao captive community,Thai (administrative),Lao,,,war captive descendants / state slaves,specialized labor,court / noble households,labor,community_exists_and_coded,1.0,,binary,,,reported,0,community case studies,,Origin: Champasak ruler Yo's family and artisans. Labor: goldsmithing / blacksmithing. retainers settled in Thewet
OBS0221,S08,1880,long nineteenth century,Ban Kruai / Yannawa,Bangkok,Lao captive community,Thai (administrative),Lao,,,war captive descendants / state slaves,specialized labor,Western firms / port economy,labor,community_exists_and_coded,1.0,,binary,,,reported,0,community case studies,,Origin: able-bodied Lao from Bang Sai Kai. Labor: sawmills and shipyards; later stevedores and warehousemen. labor shifted from captive work to wage work
OBS0222,S08,1880,long nineteenth century,Ban Lao Phuan,Bangkok,Lao captive community,Thai (administrative),Lao,,,war captive descendants / state slaves,specialized labor,Grand Palace / Royal Household,labor,community_exists_and_coded,1.0,,binary,,,reported,0,community case studies,,Origin: Lao Phuan laborers. Labor: palace landscaping; elephant service; latrines and sewage culverts. later emancipated and evicted for urban improvement
OBS0223,S08,1880,long nineteenth century,Ban Kraba,Bangkok,Lao captive community,Thai (administrative),Lao,,,war captive descendants / state slaves,specialized labor,urban consumer economy,labor,community_exists_and_coded,1.0,,binary,,,reported,0,community case studies,,"Origin: evicted Lao community. Labor: wickerware and petty commerce. wickerware, fish-food larvae, snacks, lottery dealing"
OBS0224,S08,1880,long nineteenth century,Ban Ti Thong / Ban Chang Thong,Bangkok,Lao captive community,Thai (administrative),Lao,,,war captive descendants / state slaves,specialized labor,noble households / military-police suppliers,labor,community_exists_and_coded,1.0,,binary,,,reported,0,community case studies,,"Origin: Lao goldsmith captives. Labor: gold leaf, filigree, ornamental casting, niello. later medallions, insignia, uniforms and munitions"
OBS0225,S08,1784,1783-1784,Bangkok,Capital construction,Lao laborers from west-bank Mekong polities,,Lao,male,adult,conscripted / captive labor,construction,monarchy,labor,capital_construction_lao_laborers,5000.0,,persons,,,reported,0,royal chronicles cited by Van Roy,,
OBS0226,S08,1784,1783-1784,Bangkok,Capital construction,Cambodian laborers,,Cambodian,male,adult,conscripted / captive labor,construction,monarchy,labor,capital_construction_cambodian_laborers,10000.0,,persons,,,reported,0,royal chronicles cited by Van Roy,,
OBS0227,S08,1893,late nineteenth century,Bangkok,Bangkok / Siam,Lao captive communities,Thai,Lao,,,status transition,citizenship / labor transition,state / western firms / Chinese merchants,political_economy,french_pressure_over_lao_captive_status_after_1893,1.0,,binary,,,reported,0,conclusion,,French imperialists threatened to use extraterritoriality to claim Lao war-captive villages
OBS0228,S08,1899,late nineteenth century,Bangkok,Bangkok / Siam,Lao captive communities,Thai,Lao,,,status transition,citizenship / labor transition,state / western firms / Chinese merchants,political_economy,thai_authorities_suppressed_lao_origins,1.0,,binary,,,reported,0,conclusion,,authorities responded by suppressing ethnic origins and treating communities as Thai citizens
OBS0229,S08,1899,late nineteenth century,Bangkok,Bangkok / Siam,Lao captive communities,Thai,Lao,,,status transition,citizenship / labor transition,state / western firms / Chinese merchants,political_economy,late_19th_century_release_of_state_owned_peasants,1.0,,binary,,,reported,0,conclusion,,an entire generation of state-owned peasants was released in the late nineteenth century
OBS0230,S09,1874,1874,Siam,Kingdom-wide,legal system,,,,,reform sequence,law / labor,state,abolition,abolition_stage,1.0,,stage,,,reported,0,pp. 10-14,,Born Slave Price Reduction Act / law of Pee Chau
OBS0231,S09,1897,1897,Siam,Kingdom-wide,legal system,,,,,reform sequence,law / labor,state,abolition,abolition_stage,2.0,,stage,,,reported,0,pp. 10-14,,Restated ban on further sales
OBS0232,S09,1905,1905,Siam,Kingdom-wide,legal system,,,,,reform sequence,law / labor,state,abolition,abolition_stage,3.0,,stage,,,reported,0,pp. 10-14,,Complete abolition with monthly debt credit
OBS0233,S09,1899,1899,Siam,Kingdom-wide,legal system,,,,,reform sequence,law / labor,state,abolition,corvee_commuted_to_head_tax,1.0,,binary,,,reported,0,pp. 10-14,,Corvée exchanged for head tax
OBS0234,S09,1870,second half of nineteenth century,Siam,Central Siam,phrai escaping corvée,,,male,adult,commoners,labor / taxation,state,political_economy,monthly_cost_to_escape_corvee,6.0,,baht per month,,,reported,0,discussion of incentives,,
OBS0235,S09,1870,before 1873,Siam,Central Siam,slaves,,,,,slave tax,taxation,masters / state,political_economy,annual_slave_tax_paid_by_master,5.0,,baht per year,,,reported,0,discussion of incentives,,
OBS0236,S09,1890,late nineteenth century,Siam,Central Siam,phrai luang,,,male,adult,corvée commoners,labor service,state,labor,phrai_luang_service_obligation,3.0,,months per year,,,reported,0,corvée comparison,,
OBS0237,S09,1890,late nineteenth century,Siam,Central Siam,phrai luang,,,male,adult,corvée commoners,tax alternative,state,labor,phrai_luang_cash_alternative,18.0,,baht,,,reported,0,corvée comparison,,
OBS0238,S09,1890,late nineteenth century,Siam,Central Siam,slaves,,,,,slave labor,labor tax,state,labor,slave_service_obligation,8.0,,days,,,reported,0,corvée comparison,,
OBS0239,S09,1890,late nineteenth century,Siam,Central Siam,slaves,,,,,slave labor,cash alternative,state,labor,slave_cash_alternative,1.5,,baht,,,reported,0,corvée comparison,,
OBS0240,S04,1905,1905,Siam,Kingdom-wide except specified exceptions,slaves / debt slaves,,,,,abolition law,law,state,abolition,law_issued_date_serial,19050331.0,,yyyymmdd,,,reported,0,Sections 1-5,,"Law issued March 31, 1905"
OBS0241,S04,1905,1905,Siam,Kingdom-wide except specified exceptions,slaves / debt slaves,,,,,abolition law,law,state,abolition,law_effective_date_serial,19050401.0,,yyyymmdd,,,reported,0,Sections 1-5,,"Law effective April 1, 1905"
OBS0242,S04,1905,1905,Siam,Kingdom-wide except specified exceptions,slaves / debt slaves,,,,,abolition law,law,state,abolition,children_of_slaves_free,1.0,,binary,,,reported,0,Sections 1-5,,Children born of slave parents to be free
OBS0243,S04,1905,1905,Siam,Kingdom-wide except specified exceptions,slaves / debt slaves,,,,,abolition law,law,state,abolition,no_new_free_person_can_become_slave,1.0,,binary,,,reported,0,Sections 1-5,,No free person can become slave
OBS0244,S04,1905,1905,Siam,Kingdom-wide except specified exceptions,slaves / debt slaves,,,,,abolition law,law,state,abolition,freed_person_cannot_reenter_slavery,1.0,,binary,,,reported,0,Sections 1-5,,Former slave who becomes free cannot again become slave
OBS0245,S04,1905,1905,Siam,Kingdom-wide except specified exceptions,slaves / debt slaves,,,,,abolition law,law,state,abolition,monthly_credit_against_debt,4.0,,ticals per month,,,reported,0,Sections 1-5,,Debt slave principal credited 4 ticals per month
OBS0246,S04,1905,1905,Bayap,Excluded or specially regulated in 1905 law,territorial scope,,,,,legal scope,law,state,abolition,territory_excluded_or_special_case,1.0,Bayap,binary,,,reported,0,Section 2,,
OBS0247,S04,1905,1905,Burapha,Excluded or specially regulated in 1905 law,territorial scope,,,,,legal scope,law,state,abolition,territory_excluded_or_special_case,1.0,Burapha,binary,,,reported,0,Section 2,,
OBS0248,S04,1905,1905,Saiburi,Excluded or specially regulated in 1905 law,territorial scope,,,,,legal scope,law,state,abolition,territory_excluded_or_special_case,1.0,Saiburi,binary,,,reported,0,Section 2,,
OBS0249,S04,1905,1905,Kelantan,Excluded or specially regulated in 1905 law,territorial scope,,,,,legal scope,law,state,abolition,territory_excluded_or_special_case,1.0,Kelantan,binary,,,reported,0,Section 2,,
OBS0250,S04,1905,1905,Tringganu,Excluded or specially regulated in 1905 law,territorial scope,,,,,legal scope,law,state,abolition,territory_excluded_or_special_case,1.0,Tringganu,binary,,,reported,0,Section 2,,
OBS0251,S05,1904,1904-1905,Krat / Chantaboon,Franco-Siam frontier settlement,territorial administration,,,,,diplomatic settlement,foreign relations,state,abolition_context,territorial_transfer_and_french_withdrawal,1.0,,binary,,,reported,0,d927,,
OBS0252,S06,1904,1904,Siam,International diplomacy,Siam as buffer state,,,,,imperial diplomacy,foreign relations,Britain / France,abolition_context,anglo_french_declaration_signed,1.0,,binary,,,reported,0,Declaration concerning Siam,,
